content_id,directory_id,file_path_pc,file_url,licenses,lang,star_count
a,a,backend/git_files/spectrogram.py,https://github.com/fishaudio/fish-speech/blob/main/fish_speech/utils/spectrogram.py,Attribution-NonCommercial-ShareAlike 4.0 International,python,13700
b,a,backend/git_files/file.py,https://github.com/fishaudio/fish-speech/blob/main/fish_speech/utils/file.py,Attribution-NonCommercial-ShareAlike 4.0 International,python,13700
c,b,backend/git_files/TestsUtils.java,https://github.com/kestra-io/kestra/blob/develop/tests/src/main/java/io/kestra/core/utils/TestsUtils.java,Apache-2.0 license,java,12500
d,c,backend/git_files/base_analysis.py,https://github.com/freqtrade/freqtrade/blob/develop/freqtrade/optimize/base_analysis.py,GPL-3.0 license,python,302000
e,c,backend/git_files/backtest_caching.py,https://github.com/freqtrade/freqtrade/blob/develop/freqtrade/optimize/backtest_caching.py,GPL-3.0 license,python,302001
f,d,backend/git_files/engine.go,https://github.com/raptor-ml/raptor/blob/master/internal/engine/engine.go,Apache-2.0 license,go,149
g,d,backend/git_files/clusterlogs_test.go,https://github.com/raptor-ml/raptor/blob/master/internal/e2e/clusterlogs_test.go,Apache-2.0 license,go,149
h,e,backend/git_files/app.py,https://github.com/t0mer/adb-api/blob/main/app/app.py,MIT license,python,18
i,f,backend/git_files/controller.py,https://github.com/PythonNest/PyNest/blob/main/nest/core/decorators/controller.py,MIT license,python,755
